-- MySQL dump 10.16  Distrib 10.1.19-MariaDB, for Linux (x86_64)
--
-- Host: production.chvip9o32iqg.eu-central-1.rds.amazonaws.com    Database: production.chvip9o32iqg.eu-central-1.rds.amazonaws.com
-- ------------------------------------------------------
-- Server version	5.6.23-log

/*!40101 SET @OLD_CHARACTER_SET_CLIENT=@@CHARACTER_SET_CLIENT */;
/*!40101 SET @OLD_CHARACTER_SET_RESULTS=@@CHARACTER_SET_RESULTS */;
/*!40101 SET @OLD_COLLATION_CONNECTION=@@COLLATION_CONNECTION */;
/*!40101 SET NAMES utf8 */;
/*!40103 SET @OLD_TIME_ZONE=@@TIME_ZONE */;
/*!40103 SET TIME_ZONE='+00:00' */;
/*!40014 SET @OLD_FOREIGN_KEY_CHECKS=@@FOREIGN_KEY_CHECKS, FOREIGN_KEY_CHECKS=0 */;
/*!40101 SET @OLD_SQL_MODE=@@SQL_MODE, SQL_MODE='NO_AUTO_VALUE_ON_ZERO' */;
/*!40111 SET @OLD_SQL_NOTES=@@SQL_NOTES, SQL_NOTES=0 */;

--
-- Dumping data for table `app_auth_item`
--

LOCK TABLES `app_auth_item` WRITE; TRUNCATE TABLE `app_auth_item`;
/*!40000 ALTER TABLE `app_auth_item` DISABLE KEYS */;
INSERT INTO `app_auth_item` VALUES ('app_site',2,'Main Site Controller',NULL,NULL,1452270197,1452270197),('backend_default',2,'Backend Dashboard',NULL,NULL,1452270197,1452270197),('docs',2,'Documentation (markdocs module)',NULL,NULL,1452278162,1452278162),('Editor',1,'prototype editor',NULL,NULL,1452270197,1452270197),('filefly',2,'filyfly',NULL,NULL,1479697662,1479697662),('filefly_api_index',2,'filyfly/api/index',NULL,NULL,1479697662,1479697662),('filefly_default_index',2,'filyfly/default/index',NULL,NULL,1479697662,1479697662),('FileflyAdmin',1,NULL,NULL,NULL,1479697662,1479697662),('FileflyApi',1,NULL,NULL,NULL,1479697662,1479697662),('FileflyDefault',1,NULL,NULL,NULL,1479697662,1479697662),('FileflyPermissions',1,NULL,NULL,NULL,1479697662,1479697662),('help',2,'Documentation (markdocs module)',NULL,NULL,1475687114,1475687130),('moxiemanager_default',2,'Moxiemanager',NULL,NULL,1479697660,1479697660),('moxiemanager_default_image',2,'Moxiemanager Public Images',NULL,NULL,1479697660,1479697660),('pages',2,'Pages Module',NULL,NULL,1452270197,1452270197),('pages_default_page',2,'CMS-Page Action',NULL,NULL,1452270197,1452270197),('Public',1,'Unauthenticated User',NULL,NULL,1452270197,1479704161),('widget',2,'widget Module',NULL,NULL,1479697661,1479697661),('widget_crud_widget',2,'widget CRUD',NULL,NULL,1479697661,1479697661),('widget_widget',2,'widget CRUD (JSON Data)',NULL,NULL,1479697661,1479697661);
/*!40000 ALTER TABLE `app_auth_item` ENABLE KEYS */;
UNLOCK TABLES;

--
-- Dumping data for table `app_auth_item_child`
--

LOCK TABLES `app_auth_item_child` WRITE; TRUNCATE TABLE `app_auth_item_child`;
/*!40000 ALTER TABLE `app_auth_item_child` DISABLE KEYS */;
INSERT INTO `app_auth_item_child` VALUES ('Editor','app_site'),('Editor','backend_default'),('Public','docs'),('FileflyAdmin','filefly'),('FileflyApi','filefly_api_index'),('FileflyDefault','filefly_default_index'),('FileflyAdmin','FileflyPermissions'),('Public','help'),('Editor','pages'),('Public','pages_default_page'),('widget','widget_crud_widget'),('widget','widget_widget');
/*!40000 ALTER TABLE `app_auth_item_child` ENABLE KEYS */;
UNLOCK TABLES;

--
-- Dumping data for table `app_auth_rule`
--

LOCK TABLES `app_auth_rule` WRITE; TRUNCATE TABLE `app_auth_rule`;
/*!40000 ALTER TABLE `app_auth_rule` DISABLE KEYS */;
/*!40000 ALTER TABLE `app_auth_rule` ENABLE KEYS */;
UNLOCK TABLES;

--
-- Dumping data for table `app_hrzg_widget_content`
--

LOCK TABLES `app_hrzg_widget_content` WRITE; TRUNCATE TABLE `app_hrzg_widget_content`;
/*!40000 ALTER TABLE `app_hrzg_widget_content` DISABLE KEYS */;
INSERT INTO `app_hrzg_widget_content` VALUES (3,'0','',21,'{\"skin\":\"default\",\"title\":\"TL;dr\",\"subline\":\"Get a quick-start with the phd5-app.\",\"blocks\":[{\"vendor\":\"dmstr\",\"name\":\"planck\",\"showDownload\":true,\"textHtml\":\"<pre style=\\\"background-color:#ffffff;color:#000000;font-family:\'Menlo\';font-size:9,0pt;\\\"><code>cp .env-dist .env<br>docker-compose build<br>docker-compose run --rm php yii app/setup<br>docker-compose up -d</code><br></pre><p>Open <b>http://$DOCKER_HOST_IP:21080</b> in your browser and login with <i>admin / admin1</i>.<br></p><p>See <a href=\\\"https://github.com/dmstr/planck/blob/master/README.md\\\">README</a> and <a href=\\\"http://phd.dmstr.io/en/docs/guide/tutorials/quick-start-planck.md\\\">Quick-Start Tutorial</a>&nbsp;for detailed instructions.</p>\"}]}','pages/default/page','6','main','e','','en','','','',NULL,NULL),(5,'0','',21,'{\"skin\":\"default\",\"title\":\"The base\",\"subline\":\"All files for building the phd5-app application platform image\",\"blocks\":[{\"vendor\":\"dmstr\",\"name\":\"phd5-app\",\"showDownload\":true,\"textHtml\":\"<code>make all</code><br><a href=\\\"http://phd.dmstr.io/en/docs/guide/development/installation.md\\\">Installation instructions</a><br>\"}]}','pages/default/page','6','main','f3','','en','','','',NULL,NULL),(6,'0','',21,'{\"skin\":\"default\",\"title\":\"Docker\",\"subline\":\"\",\"blocks\":[{\"vendor\":\"docker\",\"name\":\"docker\",\"showDownload\":false,\"textHtml\":\"<p>Instructions and <code>code</code></p>\"},{\"vendor\":\"docker\",\"name\":\"compose\",\"showDownload\":false,\"textHtml\":\"<p>Instructions and <code>code</code></p>\"},{\"vendor\":\"docker\",\"name\":\"machine\",\"showDownload\":false,\"textHtml\":\"<p><br></p>\"}]}','pages/default/page','8','container','','','en','','','',NULL,NULL),(7,'0','',3,'{\"skin\":\"small\",\"title\":\"The technology stack\",\"image\":\"\"}','pages/default/page','8','header','','','en','','','',NULL,NULL),(8,'0','',21,'{\"skin\":\"default\",\"title\":\"Yii 2.0 Extensions\",\"subline\":\"Hand-picked core-modules\",\"blocks\":[{\"vendor\":\"schmunk42\",\"name\":\"yii2-giiant\",\"showDownload\":false,\"textHtml\":\"\"},{\"vendor\":\"dmstr\",\"name\":\"yii2-adminlte-asset\",\"showDownload\":false,\"textHtml\":\"<p>Instructions and <code>code</code></p>\"},{\"vendor\":\"dmstr\",\"name\":\"yii2-pages-module\",\"showDownload\":false,\"textHtml\":\"<br>\"},{\"vendor\":\"dektrium\",\"name\":\"user\",\"showDownload\":false,\"textHtml\":\"<p>User management&nbsp;</p>\"}]}','pages/default/page','8','container','','','en','','','',NULL,NULL),(9,'0','',3,'{\"skin\":\"small\",\"title\":\"Application template\",\"image\":\"\"}','pages/default/page','6','header','','','en','','','',NULL,NULL),(11,'0','',9,'{\"skin\":\"default\",\"blocks\":[{\"icon\":\"cog\",\"title\":\"Admin\",\"text_html\":\"<p>Initial application setup</p>\",\"button_text\":\"Tutorial\",\"button_url\":\"/docs/help/tutorial-admin.md\"},{\"icon\":\"user\",\"title\":\"Editor\",\"text_html\":\"<p>Web UI for CMS Modules</p>\",\"button_text\":\"Tutorial\",\"button_url\":\"/docs/help/tutorial-editor.md\"},{\"icon\":\"plus\",\"title\":\"Master\",\"text_html\":\"<p>Web UI for Templates and Settings</p>\",\"button_text\":\"Tutorial\",\"button_url\":\"/docs/help/tutorial-admin.md\"}]}','frontend/default/index','','main','d','','en','','','',NULL,NULL),(13,'0','',3,'{\"skin\":\"default\",\"title\":\"Building web applications rethought.\",\"image\":\"https://unsplash.it/1600/600/?image=1042&gravity=west\"}','frontend/default/index','','header','','','en','','','',NULL,NULL),(14,'0','',3,'{\"skin\":\"small\",\"title\":\"Docker application images\",\"image\":\"\"}','pages/default/page','6','main','f2','','en','','','',NULL,NULL),(15,'0','',21,'{\"skin\":\"default\",\"title\":\"DevOps\",\"subline\":\"Tools for build & deployment\",\"blocks\":[{\"vendor\":\"schmunk42\",\"name\":\"docker-gitlab-runner\",\"showDownload\":false,\"textHtml\":\"Runs runner with <code>docker-compose </code>support.<br>\"},{\"vendor\":\"dmstr\",\"name\":\"docker-roj\",\"showDownload\":false,\"textHtml\":\"Create &amp; manage swarms and stacks with native Docker tooling.<br>\"}]}','pages/default/page','8','container','','','en','','','',NULL,NULL),(17,'0','',9,'{\"skin\":\"default\",\"blocks\":[{\"icon\":\"500px\",\"title\":\"CLI Demo\",\"text_html\":\"<a href=\\\"https://asciinema.org/a/25so4f9kueifzoifug6fqzuvf\\\" target=\\\"_blank\\\"><img class=\\\"img-responsive\\\" src=\\\"https://asciinema.org/a/25so4f9kueifzoifug6fqzuvf.png\\\"></a>\",\"button_text\":\"Deploy to Docker-Cloud\",\"button_url\":\"https://cloud.docker.com/stack/deploy/?repo=https://github.com/dmstr/playground\"}]}','frontend/default/index','','main','g','','en','','','',NULL,NULL),(18,'0','',4,'{\"skin\":\"inverse\",\"title\":\"Developer quick start\",\"subline\":\"Run your first application right off the phd5-app image.\",\"blocks\":[],\"button_text\":\"Read the tutorial\",\"button_url\":\"/docs/guide/tutorials/quick-start-planck.md\"}','frontend/default/index','','main','e','','en','','','',NULL,NULL),(19,'0','',4,'{\"skin\":\"inverse\",\"title\":\"TL;dr\",\"subline\":\"Get it and run it.\",\"blocks\":[],\"button_text\":\"Downloads\",\"button_url\":\"/download\"}','frontend/default/index','','main','','','en','','','',NULL,NULL),(20,'0','',21,'{\"skin\":\"default\",\"title\":\"Docker Base Images\",\"subline\":\"\",\"blocks\":[{\"vendor\":\"dmstr\",\"name\":\"php-yii2\",\"showDownload\":false,\"textHtml\":\"<p><br></p>\"}]}','pages/default/page','8','container','','','en','','','',NULL,NULL);
/*!40000 ALTER TABLE `app_hrzg_widget_content` ENABLE KEYS */;
UNLOCK TABLES;

--
-- Dumping data for table `app_hrzg_widget_template`
--

LOCK TABLES `app_hrzg_widget_template` WRITE; TRUNCATE TABLE `app_hrzg_widget_template`;
/*!40000 ALTER TABLE `app_hrzg_widget_template` DISABLE KEYS */;
INSERT INTO `app_hrzg_widget_template` VALUES (2,'Slider','hrzg\\widget\\widgets\\TwigTemplate','{\r\n  \"title\": \"Slider Widget\",\r\n  \"type\": \"object\",\r\n  \"required\": [\"skin\"],\r\n  \"properties\": {\r\n    \"skin\": {\r\n      \"type\": \"string\",\r\n       \"enum\": [\"default\"]\r\n    },  \r\n    \"slides\": {\r\n      \"type\": \"array\",\r\n      \"format\": \"tabs\",\r\n      \"title\": \"Slides\",\r\n      \"items\": {\r\n        \"type\": \"object\",\r\n        \"title\": \"Slide\",\r\n        \"properties\": {\r\n          \"content\": {\r\n            \"type\": \"string\",\r\n            \"format\": \"string\",\r\n            \"default\": \"<img src=\'https://unsplash.it/1600/600/?random\'/>\"\r\n          },\r\n          \"caption\": {\r\n            \"type\": \"string\",\r\n            \"default\": \"Quisque a lectus.\"\r\n          }\r\n        }\r\n      }\r\n    }\r\n  }\r\n}','{{ use (\'yii/bootstrap\') }}\r\n\r\n<div class=\"{{ skin }}\">\r\n{{ carousel_widget(\r\n    {\r\n        id: \'header\',\r\n        items: slides\r\n    }\r\n) }}\r\n</div>'),(3,'Jumbotron with background image','hrzg\\widget\\widgets\\TwigTemplate','{\n    \"title\": \"Jumbotron\",\n    \"type\": \"object\",\n    \"id\": \"jumbotron\",\n    \"required\": [\n        \"skin\"\n    ],\n    \"properties\": {\n        \"skin\": {\n            \"type\": \"string\",\n            \"enum\": [\n                \"default\",\n                \"small\"\n            ]\n        },\n        \"title\": {\n            \"type\": \"string\",\n            \"default\": \"Aliquam tincidunt mauris eu risus.\",\n            \"minLength\": 4\n        },\n        \"image\": {\n            \"type\": \"string\",\n            \"default\": \"https:\\/\\/unsplash.it\\/1600\\/1200\\/?random\"\n        }\n    }\n}','<div class=\"widget-content jumbotron {{ skin }}\" style=\"background-image: url({{ image }}); background-size: cover\">\r\n    <div class=\"container\">\r\n        <h1>\r\n            {{ title }}\r\n        </h1>\r\n    </div>\r\n</div>'),(4,'Content (call to action)','hrzg\\widget\\widgets\\TwigTemplate','{\n    \"title\": \"Jumbotron\",\n    \"type\": \"object\",\n    \"id\": \"jumbotron\",\n    \"required\": [\n        \"skin\"\n    ],\n    \"properties\": {\n        \"skin\": {\n            \"type\": \"string\",\n            \"enum\": [\n                \"default\",\n                \"inverse\"\n            ]\n        },\n        \"title\": {\n            \"type\": \"string\",\n            \"default\": \"Senectus et netus et malesuada fames ac turpis\"\n        },\n        \"subline\": {\n            \"type\": \"string\",\n            \"default\": \"Vestibulum tortor quam, feugiat vitae, ultricies eget, tempor sit amet, ante.\"\n        },\n        \"blocks\": {\n            \"type\": \"array\",\n            \"format\": \"default\",\n            \"title\": \"Block\",\n            \"items\": {\n                \"type\": \"object\",\n                \"title\": \"Block\",\n                \"properties\": {\n                    \"text_html\": {\n                        \"type\": \"string\",\n                        \"default\": \"<p>Pellentesque habitant morbi tristique senectus et netus et malesuada fames ac turpis egestas. Vestibulum tortor quam, feugiat vitae, ultricies eget, tempor sit amet, ante. Donec eu libero sit amet quam egestas semper. Aenean ultricies mi vitae est. Mauris placerat eleifend leo.<\\/p>\",\n                        \"format\": \"html\",\n                        \"options\": {\n                            \"wysiwyg\": true\n                        }\n                    }\n                }\n            }\n        },\n        \"button_text\": {\n            \"type\": \"string\",\n            \"default\": \"Aenean\"\n        },\n        \"button_url\": {\n            \"type\": \"string\",\n            \"default\": \"#\"\n        }\n    }\n}','<div class=\"widget-content call-to-action bg-{{ skin }}\">\r\n    <div class=\"container\">\r\n        <h2>\r\n            {{ title }}\r\n            <br/>\r\n            <small>{{ subline }}</small><br/>\r\n        </h2>\r\n        {% for block in  blocks %}\r\n            {{ block.text_html|raw }}\r\n        {% endfor %}\r\n        {% if (button_text) %}\r\n        <a href=\"{{ button_url }}\" class=\"btn btn-primary\">{{ button_text }}</a>\r\n        {% endif %}\r\n    </div>\r\n</div>\r\n'),(5,'Content','hrzg\\widget\\widgets\\TwigTemplate','{\n    \"title\": \"Jumbotron\",\n    \"type\": \"object\",\n    \"id\": \"jumbotron\",\n    \"required\": [\n        \"skin\"\n    ],\n    \"properties\": {\n        \"skin\": {\n            \"type\": \"string\",\n            \"enum\": [\n                \"default\",\n                \"inverse\"\n            ]\n        },\n        \"title\": {\n            \"type\": \"string\",\n            \"default\": \"Malesuada fames ac turpis\"\n        },\n        \"subline\": {\n            \"type\": \"string\",\n            \"default\": \"Vestibulum tortor quam, feugiat vitae, ultricies eget, tempor sit amet, ante.\"\n        },\n        \"blocks\": {\n            \"type\": \"array\",\n            \"format\": \"default\",\n            \"title\": \"Block\",\n            \"items\": {\n                \"type\": \"object\",\n                \"title\": \"Block\",\n                \"properties\": {\n                    \"text_html\": {\n                        \"type\": \"string\",\n                        \"default\": \"<p>Pellentesque habitant morbi tristique senectus et netus et malesuada fames ac turpis egestas. Vestibulum tortor quam, feugiat vitae, ultricies eget, tempor sit amet, ante. Donec eu libero sit amet quam egestas semper. Aenean ultricies mi vitae est. Mauris placerat eleifend leo.<\\/p>\",\n                        \"format\": \"html\",\n                        \"options\": {\n                            \"wysiwyg\": true\n                        }\n                    }\n                }\n            }\n        }\n    }\n}','<div class=\"widget-content content {{ skin }}\">\r\n    <div class=\"container\">\r\n    <h2>\r\n        {{ title }}\r\n    </h2>\r\n    <h3>\r\n        <small>{{subline}}</small>\r\n    </h3>\r\n    \r\n    {% for block in  blocks %}\r\n        {{ block.text_html|raw }}\r\n    {% endfor %}\r\n    \r\n    </div>\r\n</div>'),(9,'Content (1-4 blocks)','hrzg\\widget\\widgets\\TwigTemplate','{\n    \"title\": \"Properties\",\n    \"type\": \"object\",\n    \"required\": [\n        \"skin\"\n    ],\n    \"properties\": {\n        \"skin\": {\n            \"type\": \"string\",\n            \"enum\": [\n                \"default\",\n                \"inverse\"\n            ]\n        },\n        \"blocks\": {\n            \"type\": \"array\",\n            \"format\": \"default\",\n            \"title\": \"Block\",\n            \"items\": {\n                \"type\": \"object\",\n                \"title\": \"Block\",\n                \"properties\": {\n                    \"icon\": {\n                        \"type\": \"string\",\n                        \"enum\": [\n                            \"cog\",\n                            \"user\",\n                            \"500px\",\n                            \"android\",\n                            \"apple\",\n                            \"plus\",\n                            \"check\"\n                        ]\n                    },\n                    \"title\": {\n                        \"type\": \"string\",\n                        \"default\": \"Senectus et netus et malesuada fames ac turpis egestas.\"\n                    },\n                    \"text_html\": {\n                        \"type\": \"string\",\n                        \"default\": \"<p>Pellentesque habitant morbi tristique senectus et netus et malesuada fames ac turpis egestas. Vestibulum tortor quam, feugiat vitae, ultricies eget, tempor sit amet, ante. Donec eu libero sit amet quam egestas semper. Aenean ultricies mi vitae est. Mauris placerat eleifend leo.<\\/p>\",\n                        \"format\": \"html\",\n                        \"options\": {\n                            \"wysiwyg\": true\n                        }\n                    },\n                    \"button_text\": {\n                        \"type\": \"string\",\n                        \"default\": \"Aenean\"\n                    },\n                    \"button_url\": {\n                        \"type\": \"string\",\n                        \"default\": \"#\"\n                    }\n                }\n            }\n        }\n    }\n}','<div class=\"widget-content blocks-3 bg-{{ skin }}\">\r\n    <div class=\"container\">\r\n        <div class=\"row\">\r\n        {% for block in  blocks %}\r\n        <div class=\"col-sm-{{ 12 / blocks|length }}\">\r\n            <div class=\"icon\">\r\n                <i class=\"fa fa-{{ block.icon }}\"></i>\r\n            </div>\r\n            <h3>{{ block.title }}</h3>\r\n            <hr/>\r\n            {{ block.text_html|raw }}\r\n            <p>\r\n                <a href=\"{{block.button_url}}\" class=\"btn btn-default\">{{block.button_text}}</a>\r\n            </p>\r\n        </div>\r\n        {% endfor %}\r\n        </div>\r\n    </div>\r\n</div>\r\n'),(13,'Image','hrzg\\widget\\widgets\\TwigTemplate','{\r\n    \"title\": \"Basic\",\r\n    \"type\": \"object\",\r\n    \"required\": [\"skin\"],    \r\n    \"properties\": {\r\n        \"skin\": {\r\n          \"type\": \"string\",\r\n           \"enum\": [\"default\"]\r\n        },\r\n        \"image\": {\r\n            \"type\": \"string\",\r\n            \"default\": \"https://unsplash.it/1600/600/?random\"\r\n        }\r\n    }\r\n}','<div class=\"jumbotron text-center {{ skin }}\" style=\"background-image: url({{ image }}); padding: 100px 0\">\r\n    &nbsp;\r\n</div>'),(17,'Header with background video','hrzg\\widget\\widgets\\TwigTemplate','{\n    \"title\": \"Video Widget\",\n    \"type\": \"object\",\n    \"properties\": {\n        \"headline\": {\n            \"type\": \"string\",\n            \"default\": \"Herzlich Willkommen\"\n        },\n        \"youtube_id\": {\n            \"type\": \"string\",\n            \"default\": \"Rk6_hdRtJOE\"\n        }\n    }\n}','<div style=\"position: relative\">\r\n    <div class=\"embed-responsive embed-responsive-16by9\">\r\n        <div id=\"background\">\r\n           <iframe id=\'player\' width=\"100%\" height=\"100%\" src=\"https://www.youtube.com/embed/{{ youtube_id }}?rel=0&amp;controls=0&amp;showinfo=0&amp;autoplay=1&amp;loop=1&amp;playlist={{ youtube_id }}&amp;enablejsapi=1&version=3\" frameborder=\"0\"></iframe>\r\n        </div>\r\n    </div>\r\n         <div class=\"video-front\">\r\n        <h1>{{ headline }}</h1>\r\n        </div>\r\n</div>'),(19,'Footer','hrzg\\widget\\widgets\\TwigTemplate','{\n    \"title\": \"Jumbotron\",\n    \"type\": \"object\",\n    \"id\": \"jumbotron\",\n    \"required\": [\n        \"skin\"\n    ],\n    \"properties\": {\n        \"skin\": {\n            \"type\": \"string\",\n            \"enum\": [\n                \"default\",\n                \"inverse\"\n            ]\n        },\n        \"blocks\": {\n            \"type\": \"array\",\n            \"format\": \"default\",\n            \"title\": \"Block\",\n            \"items\": {\n                \"type\": \"object\",\n                \"title\": \"Block\",\n                \"properties\": {\n                    \"text_html\": {\n                        \"type\": \"string\",\n                        \"default\": \"<p>\\u00a9 2016 dmstr | Imprint | Legal<\\/p>\",\n                        \"format\": \"html\",\n                        \"options\": {\n                            \"wysiwyg\": true\n                        }\n                    }\n                }\n            }\n        }\n    }\n}','<div class=\"widget-content content {{ skin }}\">\r\n    <div class=\"container\">\r\n        <div class=\"pull-left\">\r\n            {% for block in  blocks %}\r\n            {{ block.text_html|raw }}\r\n            {% endfor %}\r\n        </div>\r\n        \r\n    \r\n    </div>\r\n</div>\r\n\r\n'),(20,'Content (3 blocks, multiline)','hrzg\\widget\\widgets\\TwigTemplate','{\n    \"title\": \"ContentModal\",\n    \"type\": \"object\",\n    \"properties\": {\n        \"blocks\": {\n            \"type\": \"array\",\n            \"format\": \"tabs\",\n            \"title\": \"Content\",\n            \"items\": {\n                \"type\": \"object\",\n                \"title\": \"Modal\",\n                \"properties\": {\n                    \"image_url\": {\n                        \"type\": \"string\"\n                    },\n                    \"brandname\": {\n                        \"type\": \"string\"\n                    },\n                    \"subline\": {\n                        \"type\": \"string\"\n                    },\n                    \"text_html\": {\n                        \"type\": \"string\",\n                        \"format\": \"html\",\n                        \"options\": {\n                            \"wysiwyg\": true\n                        }\n                    },\n                    \"link_url\": {\n                        \"type\": \"string\"\n                    },\n                    \"link_text\": {\n                        \"type\": \"string\"\n                    },\n                    \"link_target\": {\n                        \"type\": \"boolean\",\n                        \"format\": \"checkbox\",\n                        \"description\": \"Link in einem neuen Tab \\u00f6ffnen\"\n                    }\n                }\n            }\n        }\n    }\n}','<div class=\"row\">\r\n    \r\n    {% for block in blocks %}\r\n    <div class=\"col-md-4 col-sm-6\">\r\n        <img src=\"{{ block.image_url }}\" class=\"img-responsive\"/>\r\n        <h4>{{ block.brandname }}</h4>\r\n        <h3>{{ block.subline}}</h3>\r\n        {{ block.text_html |raw }}\r\n        {% if block.link_url != \"\" %}\r\n        <a href=\"{{ block.link_url }}\" {% if block.link_target == \"false\" %}target=\"_blank\"{% endif %}>{{ block.link_text }}</a> \r\n            {% endif %}\r\n    </div>\r\n    {% if (loop.index % 3 ) == 0 %}\r\n        <div class=\"clearfix\"></div>\r\n    {% endif %}        \r\n    {% endfor %}\r\n</div>\r\n'),(21,'Content & Repositories (container)','hrzg\\widget\\widgets\\TwigTemplate','{\n    \"title\": \"Repositories\",\n    \"type\": \"object\",\n    \"id\": \"repositories\",\n    \"required\": [\n        \"skin\"\n    ],\n    \"properties\": {\n        \"skin\": {\n            \"type\": \"string\",\n            \"enum\": [\n                \"default\",\n                \"inverse\"\n            ]\n        },\n        \"title\": {\n            \"type\": \"string\",\n            \"default\": \"Malesuada fames ac turpis\"\n        },\n        \"subline\": {\n            \"type\": \"string\",\n            \"default\": \"Vestibulum tortor quam, feugiat vitae, ultricies eget, tempor sit amet, ante.\"\n        },\n        \"blocks\": {\n            \"type\": \"array\",\n            \"format\": \"default\",\n            \"title\": \"Block\",\n            \"items\": {\n                \"type\": \"object\",\n                \"title\": \"Block\",\n                \"properties\": {\n                    \"vendor\": {\n                        \"type\": \"string\",\n                        \"default\": \"dmstr\"\n                    },\n                    \"name\": {\n                        \"type\": \"string\",\n                        \"default\": \"phd5-app\"\n                    },\n                    \"showDownload\": {\n                        \"type\": \"boolean\",\n                        \"default\": false\n                    },\n                    \"textHtml\": {\n                        \"type\": \"string\",\n                        \"default\": \"<p>Instructions and <code>code<\\/code><\\/p>\",\n                        \"format\": \"html\",\n                        \"options\": {\n                            \"wysiwyg\": true\n                        }\n                    }\n                }\n            }\n        }\n    }\n}','{{ use (\'dmstr/widgets/github/Repo\') }}\r\n\r\n<div class=\"widget-content content {{ skin }}\">\r\n    <div class=\"container\">\r\n    <h2>\r\n        {{ title }}\r\n    </h2>\r\n    <p class=\"lead\">\r\n        {{subline}}\r\n    </p>\r\n    \r\n    {% for block in  blocks %}\r\n        <!-- {{ block.vendor  }} -->\r\n        <div class=\"panel panel-default\">\r\n            <div class=\"panel-body\">\r\n            {{ repo_widget( block ) }}\r\n            </div>\r\n        </div>\r\n    {% endfor %}\r\n    \r\n    </div>\r\n</div>'),(22,'HTML','hrzg\\widget\\widgets\\TwigTemplate','{\n    \"title\": \"HTML snippet\",\n    \"type\": \"object\",\n    \"id\": \"html\",\n    \"required\": [\n        \"skin\"\n    ],\n    \"properties\": {\n        \"skin\": {\n            \"type\": \"string\",\n            \"enum\": [\n                \"default\",\n                \"inverse\"\n            ]\n        },\n        \"html\": {\n            \"type\": \"string\",\n            \"default\": \"Malesuada fames ac turpis\"\n        }\n    }\n}','<div class=\"widget-content content {{ skin }}\">\r\n    {{ html|raw }}\r\n</div>');
/*!40000 ALTER TABLE `app_hrzg_widget_template` ENABLE KEYS */;
UNLOCK TABLES;

--
-- Dumping data for table `app_html`
--

LOCK TABLES `app_html` WRITE; TRUNCATE TABLE `app_html`;
/*!40000 ALTER TABLE `app_html` DISABLE KEYS */;
INSERT INTO `app_html` VALUES (1,'en/frontend/default/index','<div class=\"container\">\r\n<div class=\"row\">\r\n<div class=\"col-sm-offset-1 col-sm-10\">\r\n<div class=\"row\">\r\n<div class=\"col-sm-4 text-center\">\r\n<h3>Slim codebase</h3>\r\n\r\n<p>Around 100 lines of template code.</p>\r\n</div>\r\n\r\n<div class=\"col-sm-4 text-center\">\r\n<h3>User &amp; auth</h3>\r\n\r\n<p>High-class management extensions from <em>dektrium</em>.</p>\r\n</div>\r\n\r\n<div class=\"col-sm-4 text-center\">\r\n<h3>Backend</h3>\r\n\r\n<p>Beautiful AdminLTE.</p>\r\n</div>\r\n</div>\r\n\r\n<div class=\"row\">\r\n<div class=\"col-sm-4 text-center\">\r\n<h3>Testing</h3>\r\n\r\n<p>PHPUnit, Codeception preconfigured in the container.</p>\r\n</div>\r\n\r\n<div class=\"col-sm-4 text-center\">\r\n<h3>CI</h3>\r\n\r\n<p>Automated builds with Docker.</p>\r\n</div>\r\n\r\n<div class=\"col-sm-4 text-center\">\r\n<h3>Docker</h3>\r\n\r\n<p>Built for Docker, Compose and Swarm.</p>\r\n</div>\r\n</div>\r\n\r\n<div class=\"row\">\r\n<div class=\"col-sm-4 text-center\">\r\n<h3>CLI tools</h3>\r\n\r\n<p>Use native commands.</p>\r\n</div>\r\n\r\n<div class=\"col-sm-4 text-center\">\r\n<h3>I18N</h3>\r\n\r\n<p>Extension to manage application translations.</p>\r\n</div>\r\n\r\n<div class=\"col-sm-4 text-center\">\r\n<h3>Prototyping</h3>\r\n\r\n<p>Add HTML and LESS instantly.</p>\r\n</div>\r\n</div>\r\n\r\n<div class=\"row\">\r\n<div class=\"col-sm-4 text-center\">\r\n<h3>Key/value store</h3>\r\n\r\n<p>Web based application settings.</p>\r\n</div>\r\n\r\n<div class=\"col-sm-4 text-center\">\r\n<h3>.env</h3>\r\n\r\n<p>Configuration via environment variables.</p>\r\n</div>\r\n\r\n<div class=\"col-sm-4 text-center\">\r\n<h3>Widgets</h3>\r\n\r\n<p>Reuseable components.</p>\r\n</div>\r\n</div>\r\n\r\n<div class=\"row\">\r\n<div class=\"col-sm-4 text-center\">\r\n<h3>Code-generation</h3>\r\n\r\n<p>Kickstart your application backend.</p>\r\n</div>\r\n\r\n<div class=\"col-sm-4 text-center\">\r\n<h3>REST API</h3>\r\n\r\n<p>Out-of-the-box for all generated models.</p>\r\n</div>\r\n\r\n<div class=\"col-sm-4 text-center\">\r\n<h3>Framework</h3>\r\n\r\n<p>High-class codebase.</p>\r\n</div>\r\n</div>\r\n</div>\r\n</div>\r\n</div>\r\n\r\n<p>&nbsp;</p>\r\n\r\n<p>&nbsp;</p>\r\n\r\n<p>&nbsp;</p>\r\n\r\n<div class=\"jumbotron text-center\">\r\n<p>Perfection is achieved, not when there is nothing more to add, but when there is nothing left to take away.</p>\r\n<small>Antoine de Saint-Exupery</small></div>\r\n\r\n<p>&nbsp;</p>\r\n\r\n<p>&nbsp;</p>\r\n\r\n<p>&nbsp;</p>\r\n\r\n<div class=\"container\">\r\n<h2>Screenshots</h2>\r\n\r\n<h3>Backend</h3>\r\n\r\n<p><img class=\"img-responsive\" src=\"https://lh3.googleusercontent.com/MmSeBaxuNUiqnhsS520hxIqATQLAPuv4O_f4lG_Ku6gfH-V44K_-hcR_VXOrY2RXr7Zt=w5760-h3600-no\" /></p>\r\n</div>\r\n'),(2,'footer','<div class=\"container\">\r\n<p>Build by <a href=\"http://www.dmstr.io\">dmstr</a> | <a href=\"http://herzogkommunikation.de/de/impressum-7.html\">Imprint</a></p>\r\n</div>');
/*!40000 ALTER TABLE `app_html` ENABLE KEYS */;
UNLOCK TABLES;

--
-- Dumping data for table `app_language`
--

LOCK TABLES `app_language` WRITE; TRUNCATE TABLE `app_language`;
/*!40000 ALTER TABLE `app_language` DISABLE KEYS */;
INSERT INTO `app_language` VALUES ('af-ZA','af','za','Afrikaans','Afrikaans',0),('ar-AR','ar','ar','‏العربية‏','Arabic',0),('az-AZ','az','az','Azərbaycan dili','Azerbaijani',0),('be-BY','be','by','Беларуская','Belarusian',0),('bg-BG','bg','bg','Български','Bulgarian',0),('bn-IN','bn','in','বাংলা','Bengali',0),('bs-BA','bs','ba','Bosanski','Bosnian',0),('ca-ES','ca','es','Català','Catalan',0),('cs-CZ','cs','cz','Čeština','Czech',0),('cy-GB','cy','gb','Cymraeg','Welsh',0),('da-DK','da','dk','Dansk','Danish',0),('de-DE','de','de','Deutsch','German',0),('el-GR','el','gr','Ελληνικά','Greek',0),('en-GB','en','gb','English (UK)','English (UK)',1),('en-PI','en','pi','English (Pirate)','English (Pirate)',0),('en-UD','en','ud','English (Upside Down)','English (Upside Down)',0),('en-US','en','us','English (US)','English (US)',1),('eo-EO','eo','eo','Esperanto','Esperanto',0),('es-ES','es','es','Español (España)','Spanish (Spain)',0),('es-LA','es','la','Español','Spanish',0),('et-EE','et','ee','Eesti','Estonian',0),('eu-ES','eu','es','Euskara','Basque',0),('fa-IR','fa','ir','‏فارسی‏','Persian',0),('fb-LT','fb','lt','Leet Speak','Leet Speak',0),('fi-FI','fi','fi','Suomi','Finnish',0),('fo-FO','fo','fo','Føroyskt','Faroese',0),('fr-CA','fr','ca','Français (Canada)','French (Canada)',0),('fr-FR','fr','fr','Français (France)','French (France)',0),('fy-NL','fy','nl','Frysk','Frisian',0),('ga-IE','ga','ie','Gaeilge','Irish',0),('gl-ES','gl','es','Galego','Galician',0),('he-IL','he','il','‏עברית‏','Hebrew',0),('hi-IN','hi','in','हिन्दी','Hindi',0),('hr-HR','hr','hr','Hrvatski','Croatian',0),('hu-HU','hu','hu','Magyar','Hungarian',0),('hy-AM','hy','am','Հայերեն','Armenian',0),('id-ID','id','id','Bahasa Indonesia','Indonesian',0),('is-IS','is','is','Íslenska','Icelandic',0),('it-IT','it','it','Italiano','Italian',0),('ja-JP','ja','jp','日本語','Japanese',0),('ka-GE','ka','ge','ქართული','Georgian',0),('km-KH','km','kh','ភាសាខ្មែរ','Khmer',0),('ko-KR','ko','kr','한국어','Korean',0),('ku-TR','ku','tr','Kurdî','Kurdish',0),('la-VA','la','va','lingua latina','Latin',0),('lt-LT','lt','lt','Lietuvių','Lithuanian',0),('lv-LV','lv','lv','Latviešu','Latvian',0),('mk-MK','mk','mk','Македонски','Macedonian',0),('ml-IN','ml','in','മലയാളം','Malayalam',0),('ms-MY','ms','my','Bahasa Melayu','Malay',0),('nb-NO','nb','no','Norsk (bokmål)','Norwegian (bokmal)',0),('ne-NP','ne','np','नेपाली','Nepali',0),('nl-NL','nl','nl','Nederlands','Dutch',0),('nn-NO','nn','no','Norsk (nynorsk)','Norwegian (nynorsk)',0),('pa-IN','pa','in','ਪੰਜਾਬੀ','Punjabi',0),('pl-PL','pl','pl','Polski','Polish',0),('ps-AF','ps','af','‏پښتو‏','Pashto',0),('pt-BR','pt','br','Português (Brasil)','Portuguese (Brazil)',0),('pt-PT','pt','pt','Português (Portugal)','Portuguese (Portugal)',0),('ro-RO','ro','ro','Română','Romanian',0),('ru-RU','ru','ru','Русский','Russian',0),('sk-SK','sk','sk','Slovenčina','Slovak',0),('sl-SI','sl','si','Slovenščina','Slovenian',0),('sq-AL','sq','al','Shqip','Albanian',0),('sr-RS','sr','rs','Српски','Serbian',0),('sv-SE','sv','se','Svenska','Swedish',0),('sw-KE','sw','ke','Kiswahili','Swahili',0),('ta-IN','ta','in','தமிழ்','Tamil',0),('te-IN','te','in','తెలుగు','Telugu',0),('th-TH','th','th','ภาษาไทย','Thai',0),('tl-PH','tl','ph','Filipino','Filipino',0),('tr-TR','tr','tr','Türkçe','Turkish',0),('uk-UA','uk','ua','Українська','Ukrainian',0),('vi-VN','vi','vn','Tiếng Việt','Vietnamese',0),('xx-XX','xx','xx','Fejlesztő','Developer',0),('zh-CN','zh','cn','中文(简体)','Simplified Chinese (China)',0),('zh-HK','zh','hk','中文(香港)','Traditional Chinese (Hong Kong)',0),('zh-TW','zh','tw','中文(台灣)','Traditional Chinese (Taiwan)',0);
/*!40000 ALTER TABLE `app_language` ENABLE KEYS */;
UNLOCK TABLES;

--
-- Dumping data for table `app_language_source`
--

LOCK TABLES `app_language_source` WRITE; TRUNCATE TABLE `app_language_source`;
/*!40000 ALTER TABLE `app_language_source` DISABLE KEYS */;
/*!40000 ALTER TABLE `app_language_source` ENABLE KEYS */;
UNLOCK TABLES;

--
-- Dumping data for table `app_language_translate`
--

LOCK TABLES `app_language_translate` WRITE; TRUNCATE TABLE `app_language_translate`;
/*!40000 ALTER TABLE `app_language_translate` DISABLE KEYS */;
/*!40000 ALTER TABLE `app_language_translate` ENABLE KEYS */;
UNLOCK TABLES;

--
-- Dumping data for table `app_less`
--

LOCK TABLES `app_less` WRITE; TRUNCATE TABLE `app_less`;
/*!40000 ALTER TABLE `app_less` DISABLE KEYS */;
INSERT INTO `app_less` VALUES (1,'phd-main','@import \"/app/src/modules/frontend/assets/web/less/app.less\";\r\n@import \"doro-widgets\";\r\n\r\n.docs {\r\n    h2 {\r\n        margin-top: 2.5em;\r\n    }\r\n    h3 {\r\n        margin-top: 1.5em;\r\n    }\r\n}'),(2,'doro-widgets','.widget-content {\r\n    &.bg-inverse {\r\n        background: @well-bg;\r\n    }\r\n    &.call-to-action,\r\n    &.blocks-3,\r\n    &.content {\r\n        padding: 5em 0;\r\n        line-height: 1.5em;\r\n    }\r\n    &.jumbotron {\r\n        color: white;\r\n        background: @brand-primary;\r\n        background-size: cover;\r\n        //padding: 300px 0;\r\n        margin-bottom: 0px;\r\n        height: 500px;\r\n        &.small {\r\n            height: 300px;\r\n        }\r\n        H1 {\r\n            color: white;\r\n            text-shadow: -1px 0 black, 0 1px black, 1px 0 black, 0 -1px black;\r\n        }\r\n    }\r\n    &.blocks-3 {\r\n        .icon {\r\n            font-size: 6em;\r\n        }\r\n    }\r\n}');
/*!40000 ALTER TABLE `app_less` ENABLE KEYS */;
UNLOCK TABLES;

--
-- Dumping data for table `app_settings`
--

LOCK TABLES `app_settings` WRITE; TRUNCATE TABLE `app_settings`;
/*!40000 ALTER TABLE `app_settings` DISABLE KEYS */;
INSERT INTO `app_settings` VALUES (1,'boolean','app.assets','registerPrototypeAsset','1',1,'2016-01-08 16:23:40','2016-11-22 22:10:05'),(2,'string','pages','availableRoutes','/docs/default/index\r\n/docs/html/index\r\n/help/default/index\r\n/pages/default/page',1,'2016-01-08 16:25:35','2016-10-05 17:14:37'),(3,'string','docs','markdownUrl','https://raw.githubusercontent.com/dmstr/docs-phd5/master/guide',1,'2016-01-08 16:29:35','2016-09-29 22:25:44'),(4,'string','docs','defaultIndexFile','index.md',1,'2016-01-08 16:30:35','2016-11-22 23:03:13'),(5,'string','docs','forkUrl','https://github.com/dmstr/docs-phd5/edit/master/guide',1,'2016-01-08 16:31:30','2016-09-29 22:25:55'),(6,'string','docs','htmlUrl','http://docs.phundament.com/5.0.0-beta3/',1,'2016-09-29 02:46:55',NULL),(7,'string','help','markdownUrl','https://raw.githubusercontent.com/dmstr/docs-phd5/master/help',1,'2016-10-05 17:06:24',NULL),(8,'string','help','defaultIndexFile','index.md',1,'2016-10-05 17:07:00',NULL),(9,'string','help','forkUrl','https://github.com/dmstr/docs-phd5/edit/master/help',1,'2016-10-05 17:08:47',NULL),(10,'','','',NULL,NULL,NULL,NULL),(11,'object','widgets','availablePhpClasses','{\"hrzg\\\\widget\\\\widgets\\\\TwigTemplate\": \"Twig layout\"}',1,'2016-11-21 03:07:42',NULL),(12,'string','pages','availableViews','@vendor/dmstr/yii2-prototype-module/src/views/render/twig.php',1,'2016-11-21 03:56:15',NULL),(13,'string','app.assets','registerPrototypeAssetKey','phd',1,'2016-11-22 22:12:40',NULL);
/*!40000 ALTER TABLE `app_settings` ENABLE KEYS */;
UNLOCK TABLES;

--
-- Dumping data for table `app_twig`
--

LOCK TABLES `app_twig` WRITE; TRUNCATE TABLE `app_twig`;
/*!40000 ALTER TABLE `app_twig` DISABLE KEYS */;
INSERT INTO `app_twig` VALUES (1,'en/frontend/default/index','{{ use (\'hrzg/widget/widgets\') }}\r\n{{ cell_widget({id: \'header\'}) }}\r\n\r\n{{ cell_widget({id: \'main\'}) }}\r\n'),(2,'en/pages/default/page/8','{{ use (\'hrzg/widget/widgets\') }}\r\n{{ cell_widget({id: \'header\'}) }}\r\n<div class=\"container\">\r\n    {{ cell_widget({id: \'container\'}) }}\r\n</div>'),(3,'en/pages/default/page/6','{{ use (\'hrzg/widget/widgets\') }}\r\n\r\n{{ cell_widget({id: \'header\'}) }}\r\n\r\n{{ cell_widget({id: \'main\'}) }}\r\n\r\n<div class=\"container\">\r\n    <div class=\"row\">\r\n        <div class=\"col-sm-4\">\r\n            {{ cell_widget({id: \'1st-left\'}) }}\r\n        </div>\r\n        <div class=\"col-sm-4\">\r\n            {{ cell_widget({id: \'1st-middle\'}) }}\r\n        </div>\r\n        <div class=\"col-sm-4\">\r\n            {{ cell_widget({id: \'1st-right\'}) }}\r\n        </div>\r\n    </div>\r\n</div>'),(4,'_footer','<br/>\r\n<br/>\r\n<br/>\r\n<hr/>\r\n\r\n<div class=\"container\">\r\n\r\n<p>\r\n	<b><a href=\"http://diemeisterei.de\">dmstr.io</a></b></p>\r\n<p>\r\n    diemeisterei GmbH <br/>\r\n	Amtsgericht Stuttgart, HRB 720793<br>\r\n	UstID-Nr.:&nbsp;DE 814 703 851\r\n</p>\r\n\r\n</div>');
/*!40000 ALTER TABLE `app_twig` ENABLE KEYS */;
UNLOCK TABLES;

--
-- Dumping data for table `dmstr_page`
--

LOCK TABLES `dmstr_page` WRITE; TRUNCATE TABLE `dmstr_page`;
/*!40000 ALTER TABLE `dmstr_page` DISABLE KEYS */;
INSERT INTO `dmstr_page` VALUES (1,1,1,14,0,'','root_en','root',NULL,'/docs','','','',NULL,NULL,NULL,'en',NULL,NULL,NULL,'',1,1,0,0,0,1,0,1,1,1,1,1,0,'2016-01-08 16:26:31','2016-01-08 16:26:56'),(2,1,7,8,2,'Documentation','Developer guide','guide',NULL,'/docs/default/index','','Documentation','Documentation','{}',NULL,NULL,'en',NULL,NULL,NULL,'',1,1,0,0,0,1,0,1,1,1,1,1,0,'2016-01-08 16:27:40','2016-10-05 17:15:48'),(3,1,9,10,2,'','API','api',NULL,'/docs/html/index','','','','{\"file\":\"index\"}',NULL,NULL,'en',NULL,NULL,NULL,'',1,1,0,0,0,1,0,1,1,1,1,1,0,'2016-09-29 21:38:42','2016-09-29 21:39:24'),(4,1,11,12,2,'','Online help','help',NULL,'/help/default/index','','','','{}',NULL,NULL,'en',NULL,NULL,NULL,'',1,1,0,0,0,1,0,1,1,1,1,1,0,'2016-10-05 17:15:15','2016-10-05 17:15:55'),(6,1,2,3,1,'','Download','download',NULL,'/pages/default/page','@vendor/dmstr/yii2-prototype-module/src/views/render/twig.php','','','{}',NULL,NULL,'en',NULL,NULL,NULL,'',1,1,0,0,0,1,0,1,1,1,1,1,0,'2016-11-21 03:56:43','2016-11-21 03:56:43'),(7,1,6,13,1,'','Documentation','documentation',NULL,'','@vendor/dmstr/yii2-prototype-module/src/views/render/twig.php','','','{}',NULL,NULL,'en',NULL,NULL,NULL,'',1,1,0,0,0,1,0,1,1,1,1,1,0,'2016-11-21 03:57:12','2016-11-21 03:57:12'),(8,1,4,5,1,'','Open-Source','open-source',NULL,'/pages/default/page','@vendor/dmstr/yii2-prototype-module/src/views/render/twig.php','','','{}',NULL,NULL,'en',NULL,NULL,NULL,'',1,1,0,0,0,1,0,1,1,1,1,1,0,'2016-11-21 04:12:09','2016-11-21 04:52:00');
/*!40000 ALTER TABLE `dmstr_page` ENABLE KEYS */;
UNLOCK TABLES;

--
-- Dumping data for table `dmstr_redirect`
--

LOCK TABLES `dmstr_redirect` WRITE; TRUNCATE TABLE `dmstr_redirect`;
/*!40000 ALTER TABLE `dmstr_redirect` DISABLE KEYS */;
INSERT INTO `dmstr_redirect` VALUES (1,'path','','','/help','/help/default/index',301,'2016-11-21 14:11:57','2016-11-21 14:11:57'),(2,'path','','','/docs/api','/docs/api/index.html',301,'2016-11-22 23:07:27','2016-11-22 23:07:27'),(3,'path','','','/download','/en/p/download-6.html',301,'2016-11-23 01:27:25','2016-11-23 01:27:25'),(4,'path','','','/docs/guide','/docs/guide/index.md',301,'2017-01-31 01:11:45','2017-01-31 01:11:45'),(5,'path','','','/docs/help','/help/default/index',301,'2017-01-31 01:13:15','2017-01-31 01:13:15');
/*!40000 ALTER TABLE `dmstr_redirect` ENABLE KEYS */;
UNLOCK TABLES;

/*!40103 SET TIME_ZONE=@OLD_TIME_ZONE */;

/*!40101 SET SQL_MODE=@OLD_SQL_MODE */;
/*!40014 SET FOREIGN_KEY_CHECKS=@OLD_FOREIGN_KEY_CHECKS */;
/*!40101 SET CHARACTER_SET_CLIENT=@OLD_CHARACTER_SET_CLIENT */;
/*!40101 SET CHARACTER_SET_RESULTS=@OLD_CHARACTER_SET_RESULTS */;
/*!40101 SET COLLATION_CONNECTION=@OLD_COLLATION_CONNECTION */;
/*!40111 SET SQL_NOTES=@OLD_SQL_NOTES */;

-- Dump completed on 2017-03-06  0:07:08